{
  "accuracy": 0.9314775160599572,
  "precision": 0.991869918699187,
  "recall": 0.7973856209150327,
  "f1": 0.8840579710144928,
  "auc": 0.9907997169143666,
  "confusion_matrix": [
    [
      313,
      1
    ],
    [
      31,
      122
    ]
  ]
}