{
  "accuracy": 0.9314775160599572,
  "precision": 1.0,
  "recall": 0.7908496732026143,
  "f1": 0.8832116788321168,
  "auc": 0.9905187127929729,
  "confusion_matrix": [
    [
      314,
      0
    ],
    [
      32,
      121
    ]
  ]
}