{
  "accuracy": 0.9293361884368309,
  "precision": 0.9761904761904762,
  "recall": 0.803921568627451,
  "f1": 0.8817204301075269,
  "auc": 0.9611173556471421,
  "confusion_matrix": [
    [
      311,
      3
    ],
    [
      30,
      123
    ]
  ]
}