{
  "accuracy": 0.9357601713062098,
  "precision": 1.0,
  "recall": 0.803921568627451,
  "f1": 0.8913043478260869,
  "auc": 0.9902793389117855,
  "confusion_matrix": [
    [
      314,
      0
    ],
    [
      30,
      123
    ]
  ]
}