{
  "accuracy": 0.9314775160599572,
  "precision": 0.9763779527559056,
  "recall": 0.8104575163398693,
  "f1": 0.8857142857142857,
  "auc": 0.9882394571416677,
  "confusion_matrix": [
    [
      311,
      3
    ],
    [
      29,
      124
    ]
  ]
}